SearchId,package_req_id,subject_id,search_type_code,search_status,county_name,state_code,pkg_code,sub_status
25692215,Y4716269,4832213,MVR,R,NONE,IN,5923,
27123290,Y4934241,5058939,EMP,R,NONE,,5805,Discrepancy Found
27368764,Y4969373,5095445,ADJ,R,NONE,,41,
28112714,Y5079200,5208968,SON,N,NONE,,2227,
28112715,Y5079200,5208968,OFAC,N,NONE,,2227,
28112716,Y5079200,5208968,ADJ,R,NONE,,2227,
28112718,Y5079200,5208968,NCRIM,R,NONE,,2227,
28416276,Y5121814,5252901,ADJ,R,NONE,,7194,
29022564,Y5207165,5340770,EMP,R,NONE,,5367,Developed Information
29022570,Y5207165,5340770,ADJ,R,NONE,,5367,
42081425,Y7251702,7419549,F/M,C,CHARLESTON,SC,2227,
42227121,Y7265424,7433399,EDU,R,NONE,,12069,Unable to Verify
43408300,Y7390015,7559643,F/M,C,DUVAL,FL,2227,
44328974,Y7473714,7645279,F/M,C,TRAVIS,TX,6513,
44411696,Y7483768,7655597,F/M,C,GREENWOOD,SC,2318,
44497124,Y7488557,7660673,F/M,C,UTAH,UT,8021,
45552217,Y7567909,7742338,EMP,C,NONE,,4965,
46024420,Y7611490,7786730,EDU,R,NONE,,13439,Discrepancy Found
46088873,Y7619173,7794588,EDU,R,NONE,,6607,Developed Information
46150487,Y7624671,7800161,EDU,R,NONE,,8137,Discrepancy Found
46159852,Y7625000,7800491,EDU,R,NONE,,3056,Developed Information
46362215,Y7641819,7817643,MVR,P,NONE,PR,5897,
46386081,Y7624671,7800161,EDOC,R,NONE,,8137,Stopped - Info Not Received
46486606,Y7663077,7839159,9PK,C,NONE,,8584,
46527269,Y7667473,7843623,F/M,N,OLDHAM,KY,2227,
46527270,Y7667473,7843623,FED-CR,N,WESTERN DISTRICT,KY,2227,
46527271,Y7667473,7843623,F/M,N,CLARK,IN,2227,
46527272,Y7667473,7843623,FED-CR,N,SOUTHERN DISTRICT,IN,2227,
46527273,Y7667473,7843623,F/M,D,JEFFERSON,KY,2227,
46527808,Y7667833,7843990,F/M,P,KENT,DE,2227,
46527809,Y7667833,7843990,FED-CR,N,DISTRICT OF DELAWARE,DE,2227,
46527810,Y7667833,7843990,F/M,N,PALM BEACH,FL,2227,
46527811,Y7667833,7843990,FED-CR,N,SOUTHERN DISTRICT,FL,2227,
46529528,Y7664471,7840583,EMP,C,NONE,,13528,Draft Cancelled By System
46529529,Y7664471,7840583,EMP,C,NONE,,13528,Draft Cancelled By System
46529555,Y7664471,7840583,EDU,C,NONE,,13528,Draft Cancelled By System
46532041,Y7657806,7833815,MVR,C,NONE,MO,11874,Draft Cancelled By System
46532059,Y7657806,7833815,MVR,C,NONE,MO,11874,Draft Cancelled By System
46577376,Y7663077,7839159,ADJ,D,NONE,,8584,
46577377,Y7663077,7839159,MOV,D,NONE,,8584,
46577378,Y7663077,7839159,SON,D,NONE,,8584,
46582469,Y7624671,7800161,EMP,R,NONE,,8137,Developed Information
46668742,Y7663077,7839159,F/M,D,UTAH,UT,8584,
46668743,Y7663077,7839159,FED-CR,D,DISTRICT OF UTAH,UT,8584,
46708942,Y7690744,7867267,9PK,C,NONE,,13179,
46708943,Y7690744,7867267,CRTU,C,NONE,,13179,
46708944,Y7690744,7867267,EMP,C,NONE,,13179,
46708947,Y7690744,7867267,TERB,C,NONE,,13179,
46708948,Y7690744,7867267,MOV,C,NONE,,13179,Invalid SSN
46709592,Y7690744,7867267,EDU,C,NONE,,13179,
46879252,Y7713040,7889936,9PK,P8,NONE,,2227,
46879253,Y7713040,7889936,SON,N,NONE,,2227,
46879254,Y7713040,7889936,ADJ,P,NONE,,2227,
46879255,Y7713040,7889936,TERB,N,NONE,,2227,
46879256,Y7713040,7889936,MOV,R,NONE,,2227,
46879257,Y7713040,7889936,NCRIM,R,NONE,,2227,
46881151,Y7713040,7889936,F/M,N,DALLAS,TX,2227,
46881152,Y7713040,7889936,FED-CR,N,NORTHERN DISTRICT,TX,2227,
46881153,Y7713040,7889936,F/M,N,ECTOR,TX,2227,
46881154,Y7713040,7889936,FED-CR,N,WESTERN DISTRICT,TX,2227,
46881155,Y7713040,7889936,F/M,N,TARRANT,TX,2227,
46886641,Y7713040,7889936,F/M,N,MIDLAND,TX,2227,
46899508,Y7715963,7892960,9PK,C,NONE,,7506,
46899675,Y7715963,7892960,ADJ,P,NONE,,7506,
46899677,Y7715963,7892960,D10,C,NONE,,7506,No Result Received
46899678,Y7715963,7892960,MMRT,R,NONE,,7506,Immune
46899679,Y7715963,7892960,TDAPV,P,NONE,,7506,
46899680,Y7715963,7892960,VART,R,NONE,,7506,Immune
46899681,Y7715963,7892960,SBJE,P,NONE,,7506,
46902170,Y7716282,7893279,9PK,C,NONE,,7506,
46902217,Y7716282,7893279,ADJ,P,NONE,,7506,
46902218,Y7716282,7893279,D10,R,NONE,,7506,Negative
46902219,Y7716282,7893279,DTBT,C,NONE,,7506,No Result Received
46902220,Y7716282,7893279,MMRV,P,NONE,,7506,
46902221,Y7716282,7893279,SBJE,P,NONE,,7506,
47016661,Y7728368,7905778,9PK,C,NONE,,4752,
47022443,Y7729225,7906680,9PK,C,NONE,,2227,
47022444,Y7729225,7906680,SON,N,NONE,,2227,
47022445,Y7729225,7906680,ADJ,P,NONE,,2227,
47022446,Y7729225,7906680,TERB,N,NONE,,2227,
47022447,Y7729225,7906680,MOV,R,NONE,,2227,
47022448,Y7729225,7906680,NCRIM,R,NONE,,2227,
47025525,Y7729225,7906680,F/M,N,TARRANT,TX,2227,
47025526,Y7729225,7906680,FED-CR,N,NORTHERN DISTRICT,TX,2227,
47025527,Y7729225,7906680,F/M,F,HINDS,MS,2227,
47025528,Y7729225,7906680,FED-CR,N,SOUTHERN DISTRICT,MS,2227,
47058937,Y7728368,7905778,EMP,R,NONE,,4752,Verified
47058938,Y7728368,7905778,EMP,R,NONE,,4752,Verified
47058939,Y7728368,7905778,EMP,R,NONE,,4752,Unable to Verify
47058951,Y7728368,7905778,EDU,R,NONE,,4752,Unable to Verify
47058964,Y7728368,7905778,ADJ,P,NONE,,4752,
47058965,Y7728368,7905778,INTCRM,R,South Africa,I,4752,Stopped - Info Not Received
47058966,Y7728368,7905778,TERB,N,NONE,,4752,
47058967,Y7728368,7905778,INTCRM,P14,Mexico,I,4752,
47351310,Y7715963,7892960,DLW,R,NONE,,7506,No Result Received
47351312,Y7716282,7893279,DLW,R,NONE,,7506,No Result Received
47353739,Y7769226,7947512,9PK,C,NONE,,5159,
47353935,Y7769226,7947512,EDU,R,NONE,,5159,Discrepancy Found
47353976,Y7769226,7947512,EMP,R,NONE,,5159,Developed Information
47353977,Y7769226,7947512,EMP,R,NONE,,5159,Unable to Verify
47353978,Y7769226,7947512,EMP,R,NONE,,5159,Verified
47353985,Y7769226,7947512,ADJ,P,NONE,,5159,
47353986,Y7769226,7947512,D10,R,NONE,,5159,Negative
47353988,Y7769226,7947512,NCRIM,R,NONE,,5159,
47356962,Y7769226,7947512,MOV,R,NONE,,5159,
47360535,Y7769226,7947512,F/M,P,WORCESTER,MA,5159,
47360536,Y7769226,7947512,F/M,N,SACRAMENTO,CA,5159,
47360537,Y7769226,7947512,F/M,N,SAN DIEGO,CA,5159,
47410074,Y7776133,7954522,9PK,C,NONE,,6343,
47410075,Y7776133,7954522,SON,C,NONE,,6343,
47410076,Y7776133,7954522,ADJ,C,NONE,,6343,
47410077,Y7776133,7954522,EDU,C,NONE,,6343,
47410078,Y7776133,7954522,EMP,C,NONE,,6343,
47410079,Y7776133,7954522,EMP,C,NONE,,6343,
47410080,Y7776133,7954522,NCRIM,C,NONE,,6343,
47410081,Y7776133,7954522,MOV,C,NONE,,6343,
47410082,Y7776134,7954523,9PK,C,NONE,,6343,
47410083,Y7776134,7954523,SON,C,NONE,,6343,
47410084,Y7776134,7954523,ADJ,C,NONE,,6343,
47410085,Y7776134,7954523,EDU,C,NONE,,6343,
47410086,Y7776134,7954523,EMP,C,NONE,,6343,
47410087,Y7776134,7954523,NCRIM,C,NONE,,6343,
47410088,Y7776134,7954523,MOV,C,NONE,,6343,
47410439,Y7776183,7954572,9PK,C,NONE,,6343,
47410440,Y7776183,7954572,SON,C,NONE,,6343,
47410441,Y7776183,7954572,ADJ,C,NONE,,6343,
47410442,Y7776183,7954572,EDU,C,NONE,,6343,
47410443,Y7776183,7954572,EMP,C,NONE,,6343,
47410444,Y7776183,7954572,EMP,C,NONE,,6343,
47410445,Y7776183,7954572,EMP,C,NONE,,6343,
47410446,Y7776183,7954572,NCRIM,C,NONE,,6343,
47410447,Y7776183,7954572,MOV,C,NONE,,6343,
47410467,Y7776186,7954575,9PK,C,NONE,,6343,
47410468,Y7776186,7954575,SON,C,NONE,,6343,
47410469,Y7776186,7954575,ADJ,C,NONE,,6343,
47410470,Y7776186,7954575,EDU,C,NONE,,6343,
47410471,Y7776186,7954575,EMP,C,NONE,,6343,
47410472,Y7776186,7954575,EMP,C,NONE,,6343,
47410473,Y7776186,7954575,EMP,C,NONE,,6343,
47410474,Y7776186,7954575,EMP,C,NONE,,6343,
47410475,Y7776186,7954575,NCRIM,C,NONE,,6343,
47410476,Y7776186,7954575,MOV,C,NONE,,6343,
47410478,Y7776187,7954576,9PK,C,NONE,,6343,
47410479,Y7776187,7954576,SON,C,NONE,,6343,
47410480,Y7776187,7954576,ADJ,C,NONE,,6343,
47410481,Y7776187,7954576,EDU,C,NONE,,6343,
47410482,Y7776187,7954576,EMP,C,NONE,,6343,
47410483,Y7776187,7954576,EMP,C,NONE,,6343,
47410484,Y7776187,7954576,NCRIM,C,NONE,,6343,
47410485,Y7776187,7954576,MOV,C,NONE,,6343,
47410486,Y7776188,7954577,9PK,C,NONE,,6343,
47410487,Y7776188,7954577,SON,C,NONE,,6343,
47410488,Y7776188,7954577,ADJ,C,NONE,,6343,
47410489,Y7776188,7954577,EDU,C,NONE,,6343,
47410490,Y7776188,7954577,EMP,C,NONE,,6343,
47410491,Y7776188,7954577,NCRIM,C,NONE,,6343,
47410492,Y7776188,7954577,MOV,C,NONE,,6343,
47418772,Y7769226,7947512,W2,R,NONE,,5159,Stopped - Info Not Received
47472947,Y7715963,7892960,D10,R,NONE,,7506,Negative
47618306,Y7802995,7981818,9PK,C,NONE,,8138,
47624329,Y7802995,7981818,MVR,P,NONE,PR,8138,
47627263,Y7802995,7981818,EDU,R,NONE,,8138,Discrepancy Found
47627862,Y7802995,7981818,EMP,R,NONE,,8138,Discrepancy Found
47627898,Y7802995,7981818,ADJ,P,NONE,,8138,
47627899,Y7802995,7981818,FACIS,N,NONE,,8138,
47627900,Y7802995,7981818,MOV,R,NONE,,8138,
47627901,Y7802995,7981818,NCRIM,R,NONE,,8138,
47659242,Y7729225,7906680,SBJ_DD,R,NONE,,2227,
47706241,Y7802995,7981818,F/M,N,MIDDLESEX,MA,8138,
47706242,Y7802995,7981818,FED-CR,N,DISTRICT OF MASSACHUSETTS,MA,8138,
47706243,Y7802995,7981818,ST,N,NONE,PR,8138,
47706244,Y7802995,7981818,FED-CR,N,DISTRICT OF PUERTO RICO,PR,8138,
47707270,Y7812734,7991699,9PK,C,NONE,,8618,
47707327,Y7812734,7991699,EMP,R,NONE,,8618,Developed Information
47707331,Y7812734,7991699,MVR,R,NONE,MA,8618,
47707338,Y7812734,7991699,ADJ,P,NONE,,8618,
47707339,Y7812734,7991699,CBSV,R,NONE,,8618,Match
47707340,Y7812734,7991699,DL5,R,NONE,,8618,Negative
47707341,Y7812734,7991699,MOV,R,NONE,,8618,
47707342,Y7812734,7991699,SON,N,NONE,,8618,
47707343,Y7812734,7991699,TERB,N,NONE,,8618,
47707757,Y7812734,7991699,F/M,N,MIDDLESEX,MA,8618,
47707758,Y7812734,7991699,FED-CR,N,DISTRICT OF MASSACHUSETTS,MA,8618,
47707759,Y7812734,7991699,F/M,P,WORCESTER,MA,8618,
47778052,Y7821518,8000681,9PK,C,NONE,,2227,
47778053,Y7821518,8000681,SON,N,NONE,,2227,
47778054,Y7821518,8000681,ADJ,P,NONE,,2227,
47778055,Y7821518,8000681,TERB,N,NONE,,2227,
47778056,Y7821518,8000681,MOV,R,NONE,,2227,
47778057,Y7821518,8000681,NCRIM,P11,NONE,,2227,
47783485,Y7821518,8000681,F/M,N,LAKE,IL,2227,
47783486,Y7821518,8000681,FED-CR,N,NORTHERN DISTRICT,IL,2227,
47783487,Y7821518,8000681,F/M,P,COOK,IL,2227,
47789370,Y7822977,8002172,9PK,C,NONE,,13307,
47789385,Y7822977,8002172,MVR,R,NONE,MA,13307,
47789393,Y7822977,8002172,ADJ,P,NONE,,13307,
47789394,Y7822977,8002172,MOV,R,NONE,,13307,
47789395,Y7822977,8002172,NCRIM,R,NONE,,13307,
47789396,Y7822977,8002172,SON,N,NONE,,13307,
47789397,Y7822977,8002172,TERB,N,NONE,,13307,
47791245,Y7822977,8002172,F/M,P,SUFFOLK,MA,13307,
47791246,Y7822977,8002172,FED-CR,N,DISTRICT OF MASSACHUSETTS,MA,13307,
47791247,Y7822977,8002172,F/M,N,PLYMOUTH,MA,13307,
47822291,Y7827160,8006423,9PK,C,NONE,,5694,
47822317,Y7827160,8006423,MVR,R,NONE,MI,5694,
47822334,Y7827160,8006423,EDU,C,NONE,,5694,
47822345,Y7827160,8006423,ADJ,P,NONE,,5694,
47822346,Y7827160,8006423,MOV,R,NONE,,5694,
47822347,Y7827160,8006423,NCRIM,R,NONE,,5694,
47829804,Y7827160,8006423,F/M,N,LAKE,MI,5694,
47829805,Y7827160,8006423,F/M,N,MUSKEGON,MI,5694,
47829806,Y7827160,8006423,F/M,N,OCEANA,MI,5694,
47865639,Y7832745,8012091,9PK,C,NONE,,12033,
47866584,Y7832745,8012091,EMP,R,NONE,,12033,Discrepancy Found
47866586,Y7832745,8012091,EMP,R,NONE,,12033,Discrepancy Found
47866588,Y7832745,8012091,EMP,C,NONE,,12033,
47866672,Y7832745,8012091,MVR,R,NONE,CA,12033,
47866700,Y7832745,8012091,ADJ,P,NONE,,12033,
47866701,Y7832745,8012091,DL12,R,NONE,,12033,Negative
47866702,Y7832745,8012091,MOV,R,NONE,,12033,No Name Match
47866703,Y7832745,8012091,NCRIM,R,NONE,,12033,
47866704,Y7832745,8012091,OSHAQ,P,NONE,,12033,
47866706,Y7832745,8012091,SBJE,P,NONE,,12033,
47876866,Y7832745,8012091,F/M,F,LOS ANGELES,CA,12033,
47876867,Y7832745,8012091,FED-CR,N,CENTRAL DISTRICT,CA,12033,
47876868,Y7832745,8012091,F/M,N,SAN BERNARDINO,CA,12033,
47878126,Y7832745,8012091,F/M,N,FRESNO,CA,12033,
47878159,Y7832745,8012091,F/M,N,SACRAMENTO,CA,12033,
47878166,Y7832745,8012091,F/M,N,CONTRA COSTA,CA,12033,
48166894,Y7868843,8048841,9PK,C,NONE,,5422,
48167574,Y7868843,8048841,EDU,D,NONE,,5422,
48168685,Y7868843,8048841,EMP,C,NONE,,5422,
48168707,Y7868843,8048841,MVR,D,NONE,NJ,5422,
48171669,Y7869601,8049601,9PK,C,NONE,,5422,
48171858,Y7869601,8049601,EDU,D,NONE,,5422,
48184957,Y7871514,8051521,9PK,C,NONE,,8138,
48198583,Y7873285,8053310,9PK,C,NONE,,13229,
48198584,Y7873285,8053310,ADJ,P,NONE,,13229,
48198585,Y7873285,8053310,EDU,P,NONE,,13229,
48198586,Y7873285,8053310,NCRIM,R,NONE,,13229,
48198587,Y7873285,8053310,PLV,C,NONE,,13229,
48201523,Y7871514,8051521,EDU,R,NONE,,8138,Discrepancy Found
48201629,Y7871514,8051521,EMP,R,NONE,,8138,Developed Information
48201630,Y7871514,8051521,EMP,R,NONE,,8138,Unable to Verify
48201631,Y7871514,8051521,EMP,R,NONE,,8138,Unable to Verify
48201632,Y7871514,8051521,EMP,R,NONE,,8138,Unable to Verify
48201657,Y7871514,8051521,MVR,P,NONE,PR,8138,
48201683,Y7871514,8051521,ADJ,P,NONE,,8138,
48201684,Y7871514,8051521,FACIS,N,NONE,,8138,
48201685,Y7871514,8051521,MOV,R,NONE,,8138,
48201686,Y7871514,8051521,NCRIM,R,NONE,,8138,
48241372,Y7878753,8058814,9PK,C,NONE,,13760,
48242553,Y7878753,8058814,EDU,D,NONE,,13760,
48242621,Y7878942,8059007,9PK,C,NONE,,13760,
48242700,Y7878942,8059007,EMP,C,NONE,,13760,
48242707,Y7878942,8059007,EDU,D,NONE,,13760,
48268272,Y7882288,8062373,9PK,C,NONE,,5158,
48268329,Y7882288,8062373,EDU,D,NONE,,5158,
48278582,Y7871514,8051521,ST,N,NONE,PR,8138,
48278583,Y7871514,8051521,FED-CR,N,DISTRICT OF PUERTO RICO,PR,8138,
48310697,Y7887442,8067574,9PK,C,NONE,,5524,
48404190,Y7897857,8078249,9PK,C,NONE,,5751,
48435966,Y7871514,8051521,W2,R,NONE,,8138,Partial Years Received
48435967,Y7871514,8051521,W2,R,NONE,,8138,Discrepancy Found
48471906,Y7906065,8086532,9PK,C,NONE,,6921,
48471922,Y7906065,8086532,MVR,D,NONE,CT,6921,
48473707,Y7871514,8051521,W2,R,NONE,,8138,Not Received
48522606,Y7887442,8067574,EDU,P,NONE,,5524,
48525702,Y7887442,8067574,EMP,C,NONE,,5524,
48525715,Y7887442,8067574,EMP,R,NONE,,5524,Developed Information
48525717,Y7887442,8067574,EMP,R,NONE,,5524,Unable to Verify
48525724,Y7887442,8067574,EMP,C,NONE,,5524,
48526075,Y7887442,8067574,NCRIM,R,NONE,,5524,
48526076,Y7887442,8067574,OFAC,N,NONE,,5524,
48526077,Y7887442,8067574,TERB,N,NONE,,5524,
48526078,Y7887442,8067574,SBJ,P,NONE,,5524,
48533231,Y7914440,8094995,9PK,C,NONE,,13483,
48533524,Y7914440,8094995,EMP,D,NONE,,13483,
48533739,Y7914440,8094995,MVR,D,NONE,NC,13483,
48533901,Y7914542,8095098,9PK,C,NONE,,6506,
48533902,Y7914542,8095098,SON,N,NONE,,6506,
48533903,Y7914542,8095098,CBSV,R,NONE,,6506,Match
48533904,Y7914542,8095098,ADJ,P,NONE,,6506,
48533905,Y7914542,8095098,EDU,R,NONE,,6506,Discrepancy Found
48533906,Y7914542,8095098,EMP,R,NONE,,6506,Discrepancy Found
48533907,Y7914542,8095098,EMP,P,NONE,,6506,
48533908,Y7914542,8095098,EMP,R,NONE,,6506,Developed Information
48533909,Y7914542,8095098,TERB,N,NONE,,6506,
48533910,Y7914542,8095098,MOV,R,NONE,,6506,
48541500,Y7887442,8067574,MOV,R,NONE,,5524,
48544129,Y7887442,8067574,F/M,N,DOUGLAS,NE,5524,
48544130,Y7887442,8067574,FED-CR,N,DISTRICT OF NEBRASKA,NE,5524,
48544131,Y7887442,8067574,F/M,N,WORCESTER,MA,5524,
48544132,Y7887442,8067574,FED-CR,N,DISTRICT OF MASSACHUSETTS,MA,5524,
48545954,Y7887442,8067574,W2,R,NONE,,5524,Received
48552977,Y7916708,8097285,9PK,C,NONE,,13009,
48553822,Y7916708,8097285,MVR,D,NONE,AZ,13009,
48569553,Y7919026,8099624,9PK,C,NONE,,13307,
48569780,Y7919043,8099642,9PK,C,NONE,,7663,
48569827,Y7919026,8099624,MVR,D,NONE,NJ,13307,
48571385,Y7919043,8099642,EMP,D,NONE,,7663,
48571393,Y7919043,8099642,EMP,D,NONE,,7663,
48571404,Y7919043,8099642,EMP,D,NONE,,7663,
48597220,Y7821518,8000681,SBJE,P,NONE,,2227,
48624526,Y7897857,8078249,EDU,P,NONE,,5751,
48624619,Y7897857,8078249,EMP,C,NONE,,5751,
48624620,Y7897857,8078249,EMP,R,NONE,,5751,Unable to Verify
48624621,Y7897857,8078249,EMP,P,NONE,,5751,
48624622,Y7897857,8078249,FFIEC,N,NONE,,5751,
48624623,Y7897857,8078249,MOV,C,NONE,,5751,International Candidate
48624624,Y7897857,8078249,OFAC,N,NONE,,5751,
48624625,Y7897857,8078249,TERB,N,NONE,,5751,
48624626,Y7897857,8078249,SSVS,C,NONE,,5751,
48624627,Y7897857,8078249,NCRIM,C,NONE,,5751,
48635532,Y7926503,8107186,9PK,C,NONE,,3872,
48636166,Y7926503,8107186,MVR,D,NONE,IN,3872,
48636552,Y7926503,8107186,EDU,D,NONE,,3872,
48656628,Y7929118,8109815,9PK,C,NONE,,5258,
48666526,Y7930480,8111190,9PK,C,NONE,,5524,
48667344,Y7930557,8111268,9PK,C,NONE,,8617,
48667684,Y7930557,8111268,EMP,D,NONE,,8617,
48667685,Y7930557,8111268,EMP,D,NONE,,8617,
48667687,Y7930557,8111268,EMP,D,NONE,,8617,
48677033,Y7931511,8112247,9PK,C,NONE,,8074,
48677034,Y7931511,8112247,MVR,P,NONE,PR,8074,
48677035,Y7931511,8112247,SON,N,NONE,,8074,
48677036,Y7931511,8112247,ADJ,P,NONE,,8074,
48677037,Y7931511,8112247,TERB,N,NONE,,8074,
48677038,Y7931511,8112247,NCRIM,R,NONE,,8074,
48677039,Y7931511,8112247,MOV,R,NONE,,8074,
48683957,Y7930480,8111190,EDU,P,NONE,,5524,
48684232,Y7930480,8111190,EMP,R,NONE,,5524,Unable to Verify
48684233,Y7930480,8111190,EMP,R,NONE,,5524,Verified
48684234,Y7930480,8111190,EMP,R,NONE,,5524,Verified
48684236,Y7930480,8111190,MOV,C,NONE,,5524,International Candidate
48684237,Y7930480,8111190,NCRIM,R,NONE,,5524,
48684238,Y7930480,8111190,OFAC,N,NONE,,5524,
48684239,Y7930480,8111190,TERB,N,NONE,,5524,
48684240,Y7930480,8111190,SBJ,P,NONE,,5524,
48686097,Y7929118,8109815,EMP,R,NONE,,5258,Developed Information
48686098,Y7929118,8109815,EMP,R,NONE,,5258,Discrepancy Found
48686099,Y7929118,8109815,EMP,R,NONE,,5258,Unable to Verify
48686120,Y7929118,8109815,EDU,P,NONE,,5258,
48686121,Y7929118,8109815,ADJ,P,NONE,,5258,
48686122,Y7929118,8109815,D10A,R,NONE,,5258,Negative
48686123,Y7929118,8109815,MOV,R,NONE,,5258,
48686124,Y7929118,8109815,NCRIM,R,NONE,,5258,
48686688,Y7929118,8109815,F/M,N,BROWARD,FL,5258,
48686689,Y7929118,8109815,F/M,N,PALM BEACH,FL,5258,
48700093,Y7931511,8112247,F/M,N,CLARK,NV,8074,
48700094,Y7931511,8112247,FED-CR,N,DISTRICT OF NEVADA,NV,8074,
48700095,Y7931511,8112247,F/M,N,MIAMI-DADE,FL,8074,
48700096,Y7931511,8112247,FED-CR,N,SOUTHERN DISTRICT,FL,8074,
48700097,Y7931511,8112247,ST,N,NONE,PR,8074,
48700098,Y7931511,8112247,FED-CR,N,DISTRICT OF PUERTO RICO,PR,8074,
48707190,Y7935036,8115899,9PK,C,NONE,,3870,
48707276,Y7935036,8115899,EDU,D,NONE,,3870,
48708161,Y7935036,8115899,EMP,C,NONE,,3870,
48708164,Y7935036,8115899,EMP,D,NONE,,3870,
48708166,Y7935036,8115899,EMP,D,NONE,,3870,
48715783,Y7914542,8095098,ST,N,NONE,NY,6506,
48715784,Y7914542,8095098,FED-CR,N,NORTHERN DISTRICT,NY,6506,
48715785,Y7914542,8095098,FED-CR,N,EASTERN DISTRICT,NY,6506,
48837783,Y7951265,8132299,9PK,C,NONE,,5751,
48858067,Y7951265,8132299,EDU,P,NONE,,5751,
48866187,Y7954455,8135535,9PK,C,NONE,,12003,
48866188,Y7954455,8135535,NCRIM,R,NONE,,12003,
48866189,Y7954455,8135535,MOV,R,NONE,,12003,
48867395,Y7954455,8135535,MVR,P,NONE,PR,12003,
48886100,Y7957084,8138186,9PK,C,NONE,,7663,
48886204,Y7957084,8138186,EMP,P,NONE,,7663,
48886274,Y7957084,8138186,EDU,R,NONE,,7663,Unable to Verify
48886315,Y7957084,8138186,ADJ,P,NONE,,7663,
48886316,Y7957084,8138186,DL5,R,NONE,,7663,Negative
48886317,Y7957084,8138186,MOV,R,NONE,,7663,No Addresses Found
48888704,Y7957084,8138186,F/M,N,GREENE,OH,7663,
48914372,Y7960336,8141478,9PK,C,NONE,,12776,
48923899,Y7960336,8141478,EMP,R,NONE,,12776,Developed Information
48923910,Y7960336,8141478,EMP,P,NONE,,12776,
48926003,Y7960336,8141478,REF1,R,NONE,,12776,Verified
48926011,Y7960336,8141478,REF1,R,NONE,,12776,Verified
48926012,Y7960336,8141478,REF1,R,NONE,,12776,Verified
48926063,Y7960336,8141478,ADJ,P,NONE,,12776,
48926064,Y7960336,8141478,MOV,C,NONE,,12776,International Candidate
48926065,Y7960336,8141478,NCRIM,C,NONE,,12776,
48926066,Y7960336,8141478,SON,N,NONE,,12776,
48926067,Y7960336,8141478,SBJE,P,NONE,,12776,
48954942,Y7954455,8135535,ST,N,NONE,PR,12003,
48963148,Y7951265,8132299,EMP,C,NONE,,5751,
48963149,Y7951265,8132299,EMP,P5,NONE,,5751,
48963150,Y7951265,8132299,EMP,C,NONE,,5751,
48963151,Y7951265,8132299,EMP,C,NONE,,5751,
48963152,Y7951265,8132299,EMP,C,NONE,,5751,
48963163,Y7951265,8132299,FFIEC,N,NONE,,5751,
48963164,Y7951265,8132299,MOV,R,NONE,,5751,No Addresses Found
48963165,Y7951265,8132299,NCRIM,R,NONE,,5751,
48963166,Y7951265,8132299,OFAC,N,NONE,,5751,
48963167,Y7951265,8132299,TERB,N,NONE,,5751,
48963168,Y7951265,8132299,SSVS,R,NONE,,5751,Verified
48963169,Y7951265,8132299,SBJ,P,NONE,,5751,
48968777,Y7887442,8067574,W2,R,NONE,,5524,Stopped - Info Not Received
48972752,Y7729225,7906680,SBJE,C,NONE,,2227,
48984165,Y7968494,8149819,9PK,C,NONE,,7668,
48984166,Y7968494,8149819,SON,N,NONE,,7668,
48984167,Y7968494,8149819,ADJ,P,NONE,,7668,
48984168,Y7968494,8149819,EDU,R,NONE,,7668,Developed Information
48984169,Y7968494,8149819,EDU,C,NONE,,7668,
48984170,Y7968494,8149819,EMP,R,NONE,,7668,Discrepancy Found
48984171,Y7968494,8149819,EMP,P,NONE,,7668,
48984172,Y7968494,8149819,EMP,R,NONE,,7668,Discrepancy Found
48984173,Y7968494,8149819,NCRIM,R,NONE,,7668,
48984174,Y7968494,8149819,MOV,R,NONE,,7668,
48984175,Y7968494,8149819,D10,R,NONE,,7668,Negative
49037100,Y7897857,8078249,F/M,C,NONE,,5751,
49037126,Y7897857,8078249,FED-CR,C,NONE,,5751,
49044252,Y7930480,8111190,ST,N,NONE,NY,5524,
49044253,Y7930480,8111190,FED-CR,N,WESTERN DISTRICT,NY,5524,
49102357,Y7951265,8132299,F/M,N,HARRIS,TX,5751,
49102358,Y7951265,8132299,FED-CR,N,SOUTHERN DISTRICT,TX,5751,
49173093,Y7957084,8138186,EDOC,R,NONE,,7663,Received
49188989,Y7994419,8176012,9PK,P5,NONE,,8615,
49192230,Y7994843,8176438,9PK,C,NONE,,6607,
49192231,Y7994843,8176438,SON,N,NONE,,6607,
49192232,Y7994843,8176438,CBSV,R,NONE,,6607,Match
49192233,Y7994843,8176438,ADJ,P,NONE,,6607,
49192234,Y7994843,8176438,EDU,R,NONE,,6607,Discrepancy Found
49192235,Y7994843,8176438,EDU,C,NONE,,6607,
49192236,Y7994843,8176438,EDU,C,NONE,,6607,
49192237,Y7994843,8176438,EMP,C,NONE,,6607,
49192238,Y7994843,8176438,EMP,R,NONE,,6607,Unable to Verify
49192239,Y7994843,8176438,EMP,R,NONE,,6607,Unable to Verify
49192240,Y7994843,8176438,TERB,N,NONE,,6607,
49192241,Y7994843,8176438,MOV,R,NONE,,6607,
49192255,Y7994847,8176442,9PK,C,NONE,,6397,
49192256,Y7994847,8176442,MVR,R,NONE,TX,6397,
49192257,Y7994847,8176442,SON,N,NONE,,6397,
49192258,Y7994847,8176442,ADJ,P,NONE,,6397,
49192259,Y7994847,8176442,EMP,R,NONE,,6397,Unable to Verify
49192260,Y7994847,8176442,NCRIM,R,NONE,,6397,
49192261,Y7994847,8176442,MOV,R,NONE,,6397,
49194737,Y7995209,8176808,9PK,C,NONE,,2227,
49194738,Y7995209,8176808,SON,P,NONE,,2227,
49194739,Y7995209,8176808,ADJ,P,NONE,,2227,
49194740,Y7995209,8176808,TERB,P,NONE,,2227,
49194742,Y7995209,8176808,NCRIM,P,NONE,,2227,
49195013,Y7994847,8176442,F/M,N,BASTROP,TX,6397,
49195014,Y7994847,8176442,F/M,N,LEE,TX,6397,
49208522,Y7968494,8149819,FED-CR,N,NORTHERN DISTRICT,TX,7668,
49208523,Y7968494,8149819,F/M,N,TARRANT,TX,7668,
49208524,Y7968494,8149819,FED-CR,N,MIDDLE DISTRICT,PA,7668,
49208525,Y7968494,8149819,F/M,N,DAUPHIN,PA,7668,
49231395,Y7999021,8180778,9PK,C,NONE,,2227,
49231396,Y7999021,8180778,SON,P,NONE,,2227,
49231397,Y7999021,8180778,ADJ,P,NONE,,2227,
49231398,Y7999021,8180778,TERB,P,NONE,,2227,
49231399,Y7999021,8180778,MOV,R,NONE,,2227,
49231400,Y7999021,8180778,NCRIM,P,NONE,,2227,
49246039,Y7994843,8176438,MVR,R,NONE,NY,6607,
49250582,Y7994843,8176438,ST,N,NONE,NY,6607,
49250583,Y7994843,8176438,FED-CR,N,NORTHERN DISTRICT,NY,6607,
49250584,Y7994843,8176438,F/M,N,SUFFOLK,MA,6607,
49250585,Y7994843,8176438,FED-CR,N,DISTRICT OF MASSACHUSETTS,MA,6607,
49250586,Y7994843,8176438,F/M,N,PALM BEACH,FL,6607,
49250587,Y7994843,8176438,FED-CR,N,SOUTHERN DISTRICT,FL,6607,
49251373,Y7994843,8176438,W2,R,NONE,,6607,Partial Years Received
49259536,Y8002550,8184334,9PK,P8,NONE,,6607,
49259537,Y8002550,8184334,SON,N,NONE,,6607,
49259538,Y8002550,8184334,CBSV,R,NONE,,6607,Match
49259539,Y8002550,8184334,ADJ,R,NONE,,6607,
49259540,Y8002550,8184334,EDU,R,NONE,,6607,Developed Information
49259541,Y8002550,8184334,EMP,R,NONE,,6607,Developed Information
49259542,Y8002550,8184334,EMP,R,NONE,,6607,Unable to Verify
49259543,Y8002550,8184334,EMP,R,NONE,,6607,Unable to Verify
49259544,Y8002550,8184334,TERB,N,NONE,,6607,
49259545,Y8002550,8184334,MOV,R,NONE,,6607,
49259712,Y7994419,8176012,ADJ,P,NONE,,8615,
49259713,Y7994419,8176012,CBSV,P,NONE,,8615,
49259714,Y7994419,8176012,DL5,C,NONE,,8615,No Result Received
49259715,Y7994419,8176012,MOV,C,NONE,,8615,International Candidate
49259716,Y7994419,8176012,SON,P,NONE,,8615,
49259717,Y7994419,8176012,TERB,P,NONE,,8615,
49273256,Y8002550,8184334,MVR,C,NONE,NY,6607,
49275722,Y8002550,8184334,ST,N,NONE,NY,6607,
49275723,Y8002550,8184334,FED-CR,N,EASTERN DISTRICT,NY,6607,
49275724,Y8002550,8184334,FED-CR,N,SOUTHERN DISTRICT,NY,6607,
49317424,Y7994843,8176438,W2,R2,NONE,,6607,Stopped - Info Not Received
49320519,Y8009986,8191868,9PK,P5,NONE,,2227,
49320520,Y8009986,8191868,SON,P,NONE,,2227,
49320521,Y8009986,8191868,ADJ,P,NONE,,2227,
49320522,Y8009986,8191868,TERB,P,NONE,,2227,
49320523,Y8009986,8191868,MOV,R,NONE,,2227,No Name Match
49320524,Y8009986,8191868,NCRIM,P,NONE,,2227,
49323885,Y8010446,8192335,9PK,P5,NONE,,8074,
49323886,Y8010446,8192335,MVR,P14,United States,FL,8074,
49323887,Y8010446,8192335,SON,P,NONE,,8074,
49323888,Y8010446,8192335,ADJ,P,NONE,,8074,
49323889,Y8010446,8192335,TERB,P,NONE,,8074,
49323890,Y8010446,8192335,NCRIM,P,NONE,,8074,
49323891,Y8010446,8192335,MOV,R,NONE,,8074,No Addresses Found
49330505,Y7897857,8078249,W2,R,NONE,,5751,Received
49358787,Y7960336,8141478,F/M,C,NONE,,12776,
49359351,Y7960336,8141478,FED-CR,C,NONE,,12776,
49360206,Y8002550,8184334,W2,R,NONE,,6607,Not Received
49393372,Y8018458,8200440,9PK,C,NONE,,4388,
49396536,Y7729225,7906680,F/M,P,HINDS,MS,2227,
49408858,Y8020745,8202740,9PK,C,NONE,,13487,
49414992,Y8021674,8203682,9PK,C,NONE,,6508,
49415164,Y8021674,8203682,EDU,P,NONE,,6508,
49415848,Y8021674,8203682,EMP,P5,NONE,,6508,
49415854,Y8021674,8203682,EMP,R,NONE,,6508,Developed Information
49415861,Y8021674,8203682,EMP,R,NONE,,6508,Discrepancy Found
49415868,Y8021674,8203682,EMP,C,NONE,,6508,
49415869,Y8021674,8203682,EMP,C,NONE,,6508,
49415902,Y8021674,8203682,ADJ,P,NONE,,6508,
49415903,Y8021674,8203682,DH5,R,NONE,,6508,Negative
49415904,Y8021674,8203682,MOV,R,NONE,,6508,
49415905,Y8021674,8203682,NCRIM,R,NONE,,6508,
49415906,Y8021674,8203682,TERB,N,NONE,,6508,
49428484,Y8021674,8203682,F/M,N,ROCK ISLAND,IL,6508,
49428485,Y8021674,8203682,F/M,N,DAKOTA,MN,6508,
49428486,Y8021674,8203682,F/M,N,HENNEPIN,MN,6508,
49483125,Y7994847,8176442,W2,R,NONE,,6397,Partial Years Received
49513123,Y8020745,8202740,MVR,R,NONE,MA,13487,
49513263,Y8033691,8215896,9PK,C,NONE,,7668,
49513264,Y8033691,8215896,SON,N,NONE,,7668,
49513265,Y8033691,8215896,ADJ,P,NONE,,7668,
49513266,Y8033691,8215896,EDU,P6,NONE,,7668,
49513267,Y8033691,8215896,EMP,R,NONE,,7668,Discrepancy Found
49513268,Y8033691,8215896,EMP,R,NONE,,7668,Discrepancy Found
49513269,Y8033691,8215896,EMP,R,NONE,,7668,Discrepancy Found
49513270,Y8033691,8215896,EMP,R,NONE,,7668,Discrepancy Found
49513271,Y8033691,8215896,NCRIM,R,NONE,,7668,
49513272,Y8033691,8215896,MOV,R,NONE,,7668,
49513273,Y8033691,8215896,D10,R,NONE,,7668,Negative
49514025,Y8018458,8200440,MVR,R,NONE,TX,4388,
49514100,Y8018458,8200440,EDU,R,NONE,,4388,Discrepancy Found
49514198,Y8018458,8200440,EMP,C,NONE,,4388,
49514199,Y8018458,8200440,EMP,R,NONE,,4388,Discrepancy Found
49514200,Y8018458,8200440,EMP,R,NONE,,4388,Discrepancy Found
49514213,Y8018458,8200440,ADJ,P,NONE,,4388,
49514215,Y8018458,8200440,DL5,C,NONE,,4388,No Result Received
49514217,Y8018458,8200440,MOV,R,NONE,,4388,
49514218,Y8018458,8200440,NCRIM,R,NONE,,4388,
49514219,Y8018458,8200440,TERB,N,NONE,,4388,
49517861,Y8020745,8202740,EDU,P5,NONE,,13487,
49517962,Y8020745,8202740,EMP,P,NONE,,13487,
49517963,Y8020745,8202740,EMP,P,NONE,,13487,
49517964,Y8020745,8202740,EMP,P,NONE,,13487,
49527716,Y8020745,8202740,INTCRM,P6,India,I,13487,
49527717,Y8020745,8202740,MOV,R,NONE,,13487,No Addresses Found
49527718,Y8020745,8202740,NCRIM,R,NONE,,13487,
49527719,Y8020745,8202740,SON,N,NONE,,13487,
49527720,Y8020745,8202740,TERB,N,NONE,,13487,
49536435,Y8018458,8200440,F/M,P,BEXAR,TX,4388,
49536436,Y8018458,8200440,F/M,N,LUBBOCK,TX,4388,
49537262,Y8018458,8200440,W2,R,NONE,,4388,Received
49545460,Y7994843,8176438,W2,P5,NONE,,6607,
49550380,Y8033691,8215896,SBJE,P,NONE,,7668,
49557767,Y8033691,8215896,FED-CR,N,CENTRAL DISTRICT,CA,7668,
49557768,Y8033691,8215896,F/M,N,SAN BERNARDINO,CA,7668,
49557769,Y8033691,8215896,F/M,P,RIVERSIDE,CA,7668,
49557770,Y8033691,8215896,F/M,N,LOS ANGELES,CA,7668,
49563845,Y8040580,8222857,9PK,C,NONE,,6670,
49563846,Y8040580,8222857,SON,N,NONE,,6670,
49563847,Y8040580,8222857,ADJ,P,NONE,,6670,
49563848,Y8040580,8222857,EDU,R,NONE,,6670,Discrepancy Found
49563849,Y8040580,8222857,DL9,C,NONE,,6670,No Result Received
49563850,Y8040580,8222857,EMP,P,NONE,,6670,
49563851,Y8040580,8222857,EMP,P,NONE,,6670,
49563852,Y8040580,8222857,EMP,P,NONE,,6670,
49563853,Y8040580,8222857,TERB,N,NONE,,6670,
49563854,Y8040580,8222857,NCRIM,R,NONE,,6670,
49563855,Y8040580,8222857,MOV,R,NONE,,6670,
49591905,Y7930480,8111190,W2,R,NONE,,5524,Discrepancy Found
49595557,Y8044287,8226614,9PK,C,NONE,,4797,
49595558,Y8044287,8226614,DRUG,R,NONE,,4797,Negative
49595559,Y8044287,8226614,MVR,R,NONE,TX,4797,
49595560,Y8044287,8226614,SON,N,NONE,,4797,
49595561,Y8044287,8226614,ADJ,P,NONE,,4797,
49595562,Y8044287,8226614,EMP,P4,NONE,,4797,
49595563,Y8044287,8226614,EMP,P4,NONE,,4797,
49595564,Y8044287,8226614,EMP,R,NONE,,4797,Discrepancy Found
49595565,Y8044287,8226614,EMP,C,NONE,,4797,
49595566,Y8044287,8226614,NCRIM,R,NONE,,4797,
49595567,Y8044287,8226614,MOV,R,NONE,,4797,
49595568,Y8044287,8226614,PEFCDL,P5,NONE,,4797,
49595693,Y8040580,8222857,MVR,R,NONE,ND,6670,
49595901,Y8040580,8222857,REF1,P,NONE,,6670,
49596913,Y8044506,8226836,9PK,C,NONE,,5922,
49596914,Y8044506,8226836,DH5,R,NONE,,5922,Negative
49596915,Y8044506,8226836,ADJ,P,NONE,,5922,
49596916,Y8044506,8226836,EDU,R,NONE,,5922,Discrepancy Found
49596917,Y8044506,8226836,EDU,C,NONE,,5922,
49596918,Y8044506,8226836,EMP,R,NONE,,5922,Unable to Verify
49596919,Y8044506,8226836,EMP,R,NONE,,5922,Unable to Verify
49596920,Y8044506,8226836,EMP,R,NONE,,5922,Unable to Verify
49596921,Y8044506,8226836,EMP,R,NONE,,5922,Developed Information
49596922,Y8044506,8226836,EMP,P,NONE,,5922,
49596923,Y8044506,8226836,TERB,N,NONE,,5922,
49596924,Y8044506,8226836,NCRIM,P11,NONE,,5922,
49596925,Y8044506,8226836,MOV,R,NONE,,5922,
49597511,Y8040580,8222857,F/M,N,CASS,ND,6670,
49597512,Y8040580,8222857,FED-CR,N,DISTRICT OF NORTH DAKOTA,ND,6670,
49597513,Y8040580,8222857,F/M,N,DAKOTA,MN,6670,
49597514,Y8040580,8222857,FED-CR,N,DISTRICT OF MINNESOTA,MN,6670,
49597515,Y8040580,8222857,F/M,N,HENNEPIN,MN,6670,
49598145,Y8044740,8227070,9PK,P8,NONE,,12067,
49598146,Y8044740,8227070,SON,N,NONE,,12067,
49598147,Y8044740,8227070,ADJ,R,NONE,,12067,
49598148,Y8044740,8227070,EDU,R,NONE,,12067,Unable to Verify
49598149,Y8044740,8227070,TERB,N,NONE,,12067,
49598150,Y8044740,8227070,NCRIM,C,NONE,,12067,Stopped - Client Request
49598151,Y8044740,8227070,MOV,R,NONE,,12067,
49598493,Y8044287,8226614,F/M,N,NUECES,TX,4797,
49598494,Y8044287,8226614,FED-CR,N,SOUTHERN DISTRICT,TX,4797,
49599606,Y8044287,8226614,W2,P5,NONE,,4797,
49603034,Y8044506,8226836,F/M,F,ALLEN,IN,5922,
49603035,Y8044506,8226836,FED-CR,N,NORTHERN DISTRICT,IN,5922,
49603036,Y8044506,8226836,F/M,P,SAINT LOUIS,MO,5922,
49603037,Y8044506,8226836,FED-CR,N,EASTERN DISTRICT,MO,5922,
49603038,Y8044506,8226836,F/M,N,ROSS,OH,5922,
49603039,Y8044506,8226836,FED-CR,N,SOUTHERN DISTRICT,OH,5922,
49603040,Y8044506,8226836,F/M,N,BRISTOL,MA,5922,
49603041,Y8044506,8226836,FED-CR,N,DISTRICT OF MASSACHUSETTS,MA,5922,
49603042,Y8044506,8226836,F/M,N,MONTGOMERY,MD,5922,
49603043,Y8044506,8226836,FED-CR,N,DISTRICT OF MARYLAND,MD,5922,
49603044,Y8044506,8226836,F/M,N,SAINT LOUIS CITY,MO,5922,
49611598,Y8044506,8226836,F/M,P13,ALLEN,OH,5922,
49627235,Y8048637,8231008,9PK,C,NONE,,6397,
49635424,Y8049634,8232011,9PK,C,NONE,,8067,
49635425,Y8049634,8232011,DRUG,C,NONE,,8067,No Result Received
49635426,Y8049634,8232011,MVR,R,NONE,IL,8067,
49635427,Y8049634,8232011,SON,N,NONE,,8067,
49635428,Y8049634,8232011,ADJ,P,NONE,,8067,
49635429,Y8049634,8232011,EMP,P,NONE,,8067,
49635430,Y8049634,8232011,EMP,P,NONE,,8067,
49635431,Y8049634,8232011,NCRIM,R,NONE,,8067,
49635432,Y8049634,8232011,MOV,R,NONE,,8067,
49635433,Y8049634,8232011,PEFCDL,P5,NONE,,8067,
49635728,Y8002550,8184334,W2,R,NONE,,6607,Stopped - Info Not Received
49635764,Y8048637,8231008,EMP,C,NONE,,6397,
49635765,Y8048637,8231008,EMP,C,NONE,,6397,
49635768,Y8048637,8231008,EMP,C,NONE,,6397,
49635775,Y8048637,8231008,EMP,C,NONE,,6397,
49635824,Y8048637,8231008,MVR,R,NONE,AZ,6397,
49636348,Y8048637,8231008,ADJ,P,NONE,,6397,
49636349,Y8048637,8231008,MOV,R,NONE,,6397,
49636350,Y8048637,8231008,SON,N,NONE,,6397,
49636351,Y8048637,8231008,NCRIM,R,NONE,,6397,
49639103,Y7994847,8176442,F/M,P,TRAVIS,TX,6397,
49642657,Y8048637,8231008,F/M,P,BEXAR,TX,6397,
49643016,Y8049634,8232011,F/M,N,CHAMPAIGN,IL,8067,
49643017,Y8049634,8232011,FED-CR,N,CENTRAL DISTRICT,IL,8067,
49652565,Y8051149,8233556,9PK,C,NONE,,8123,
49665707,Y8052849,8235258,9PK,C,NONE,,4250,
49669663,Y8044740,8227070,EMP,C,NONE,,12067,Stopped - Client Request
49670198,Y8044740,8227070,MVR,R,NONE,VA,12067,
49672542,Y8052849,8235258,EDU,C,NONE,,4250,
49672650,Y8044740,8227070,F/M,N,MONTGOMERY,MD,12067,
49672651,Y8044740,8227070,FED-CR,C,DISTRICT OF MARYLAND,MD,12067,Stopped - Client Request
49672652,Y8044740,8227070,F/M,C,BALTIMORE,MD,12067,Stopped - Client Request
49672653,Y8044740,8227070,F/M,N,NORTHAMPTON,PA,12067,
49672654,Y8044740,8227070,FED-CR,N,EASTERN DISTRICT,PA,12067,
49672655,Y8044740,8227070,F/M,N,FAIRFAX,VA,12067,
49672656,Y8044740,8227070,FED-CR,N,EASTERN DISTRICT,VA,12067,
49672657,Y8044740,8227070,F/M,R,HARRISONBURG CITY,VA,12067,Stopped - Client Request
49672658,Y8044740,8227070,FED-CR,N,WESTERN DISTRICT,VA,12067,
49673782,Y8052849,8235258,EMP,C,NONE,,4250,
49673817,Y8053756,8236174,9PK,C,NONE,,6724,
49673818,Y8053756,8236174,W2,P,NONE,,6724,
49673819,Y8053756,8236174,ADJ,P,NONE,,6724,
49673820,Y8053756,8236174,EDU,P,NONE,,6724,
49673821,Y8053756,8236174,EDU,C,NONE,,6724,
49673822,Y8053756,8236174,SBJE,P,NONE,,6724,
49673823,Y8053756,8236174,EMP,P,NONE,,6724,
49673824,Y8053756,8236174,EMP,P,NONE,,6724,
49673825,Y8053756,8236174,NCRIM,R,NONE,,6724,
49673826,Y8053756,8236174,MOV,R,NONE,,6724,
49673853,Y8052849,8235258,MVR,R,NONE,TX,4250,
49673940,Y8052849,8235258,MOV,R,NONE,,4250,
49673941,Y8052849,8235258,NCRIM,R,NONE,,4250,
49674375,Y8051149,8233556,EMP,R,NONE,,8123,Unable to Verify
49674382,Y8051149,8233556,EMP,P,NONE,,8123,
49674390,Y8051149,8233556,EMP,P,NONE,,8123,
49674400,Y8051149,8233556,EMP,P,NONE,,8123,
49674407,Y8051149,8233556,EMP,P,NONE,,8123,
49674669,Y8051149,8233556,EDU,P,NONE,,8123,
49674684,Y8051149,8233556,MOV,R,NONE,,8123,
49674685,Y8051149,8233556,SBJE,P,NONE,,8123,
49677252,Y8053756,8236174,F/M,N,DELAWARE,PA,6724,
49677253,Y8053756,8236174,F/M,N,MONTGOMERY,PA,6724,
49677254,Y8053756,8236174,F/M,N,PHILADELPHIA,PA,6724,
49678640,Y8052849,8235258,F/M,N,HARRIS,TX,4250,
49678641,Y8052849,8235258,FED-CR,N,SOUTHERN DISTRICT,TX,4250,
49679950,Y8051149,8233556,F/M,N,ORANGE,CA,8123,
49679951,Y8051149,8233556,F/M,P,MONO,CA,8123,
49679952,Y8051149,8233556,F/M,P,KING,WA,8123,
49680497,Y8052849,8235258,W2,P6,NONE,,4250,
49688457,Y8044506,8226836,W2,R,NONE,,5922,Stopped - Info Not Received
49693045,Y8044506,8226836,W2,P6,NONE,,5922,
49695190,Y8044506,8226836,W2,R,NONE,,5922,Stopped - Info Not Received
49698148,Y8020745,8202740,F/M,P,DENTON,TX,13487,
49698149,Y8020745,8202740,FED-CR,N,EASTERN DISTRICT,TX,13487,
49708522,Y7995209,8176808,MOV,R,NONE,,2227,
49710114,Y7999021,8180778,F/M,P,LOS ANGELES,CA,2227,
49710115,Y7999021,8180778,FED-CR,N,CENTRAL DISTRICT,CA,2227,
49710116,Y7999021,8180778,F/M,P,FRANKLIN,OH,2227,
49710117,Y7999021,8180778,FED-CR,N,SOUTHERN DISTRICT,OH,2227,
49713752,Y7769226,7947512,W2,P5,NONE,,5159,
49714245,Y7994419,8176012,DLW,R,NONE,,8615,No Result Received
49716889,Y8058265,8240739,9PK,P8,NONE,,14047,
49716890,Y8058265,8240739,ADJ,P,NONE,,14047,
49716891,Y8058265,8240739,TERB,R,NONE,,14047,
49720290,Y8018458,8200440,DLW,R,NONE,,4388,No Result Received
49720379,Y8040580,8222857,DLW,R,NONE,,6670,No Result Received
49724880,Y8049634,8232011,DLW,R,NONE,,8067,No Result Received
49726295,Y8058398,8240872,9PK,P8,NONE,,14115,
49726296,Y8058398,8240872,ADJ,P,NONE,,14115,
49726297,Y8058398,8240872,TERB,R,NONE,,14115,
49726366,Y8058406,8240880,9PK,C,NONE,,5356,
49726367,Y8058406,8240880,INTMVR,P,NONE,,5356,
49726368,Y8058406,8240880,ADJ,P,NONE,,5356,
49726369,Y8058406,8240880,TERB,R,NONE,,5356,
49726370,Y8058407,8240881,9PK,P8,NONE,,13925,
49726371,Y8058407,8240881,ADJ,P,NONE,,13925,
49726372,Y8058407,8240881,EMP,R,NONE,,13925,
49726373,Y8058407,8240881,TERB,R,NONE,,13925,
49748269,Y8058615,8241089,9PK,C,NONE,,2227,
49748270,Y8058615,8241089,SON,C,NONE,,2227,
49748271,Y8058615,8241089,ADJ,C,NONE,,2227,
49748272,Y8058615,8241089,TERB,C,NONE,,2227,
49748273,Y8058615,8241089,MOV,C,NONE,,2227,
49748274,Y8058615,8241089,NCRIM,C,NONE,,2227,
49766208,Y8058820,8241294,9PK,P8,NONE,,14047,
49766209,Y8058820,8241294,ADJ,P,NONE,,14047,
49766210,Y8058820,8241294,TERB,R,NONE,,14047,
49768199,Y8058879,8241353,9PK,C,NONE,,2227,
49768200,Y8058879,8241353,SON,C,NONE,,2227,
49768201,Y8058879,8241353,ADJ,C,NONE,,2227,
49768202,Y8058879,8241353,TERB,C,NONE,,2227,
49768203,Y8058879,8241353,MOV,C,NONE,,2227,
49768204,Y8058879,8241353,NCRIM,C,NONE,,2227,
49783731,Y8061393,8243867,9PK,C,NONE,,2227,
49783732,Y8061393,8243867,SON,C,NONE,,2227,
49783733,Y8061393,8243867,ADJ,C,NONE,,2227,
49783734,Y8061393,8243867,TERB,C,NONE,,2227,
49783735,Y8061393,8243867,MOV,C,NONE,,2227,
49783736,Y8061393,8243867,NCRIM,C,NONE,,2227,
49818403,Y8065123,8247597,9PK,P5,NONE,,13630,
49818404,Y8065123,8247597,CRTU,C,NONE,,13630,
49818405,Y8065123,8247597,OIG,C,NONE,,13630,
49818406,Y8065123,8247597,FFIEC,C,NONE,,13630,
49818407,Y8065123,8247597,OFAC,C,NONE,,13630,
49818408,Y8065123,8247597,EDU,C,NONE,,13630,
49818409,Y8065123,8247597,EMP,C,NONE,,13630,
49818410,Y8065123,8247597,EMP,C,NONE,,13630,
49818411,Y8065123,8247597,TERB,C,NONE,,13630,
49818412,Y8065123,8247597,NCRIM,C,NONE,,13630,
49818413,Y8065123,8247597,MVR,C,NONE,CA,13630,
49818414,Y8065123,8247597,SON,C,NONE,,13630,
49818415,Y8065123,8247597,CBSV,C,NONE,,13630,
49818416,Y8065123,8247597,INTCRM,C,NONE,,13630,
49818417,Y8065123,8247597,ADJ,C,NONE,,13630,
49818418,Y8065123,8247597,SSVS,C,NONE,,13630,
49818419,Y8065123,8247597,FACIS,C,NONE,,13630,
49818420,Y8065123,8247597,MOV,C,NONE,,13630,
49818421,Y8065123,8247597,REF1,C,NONE,,13630,
49818422,Y8065123,8247597,REF1,C,NONE,,13630,
49818423,Y8065123,8247597,PLV,C,United States,,13630,
49818424,Y8065123,8247597,PEFCDL,C,NONE,,13630,
49826356,Y8065201,8247675,9PK,C,NONE,,5454,
49826357,Y8065201,8247675,DL5CUP,D,NONE,,5454,
49826358,Y8065201,8247675,ADJ,D,NONE,,5454,
49826359,Y8065201,8247675,EMP,D,NONE,,5454,
49826360,Y8065201,8247675,NCRIM,D,NONE,,5454,
49826361,Y8065201,8247675,MOV,C,NONE,,5454,
49850064,Y8065505,8247979,9PK,C,NONE,,13630,
49850065,Y8065505,8247979,CRTU,P7,NONE,,13630,
49850066,Y8065505,8247979,OIG,D,NONE,,13630,
49850067,Y8065505,8247979,FFIEC,D,NONE,,13630,
49850068,Y8065505,8247979,OFAC,D,NONE,,13630,
49850069,Y8065505,8247979,NCRIM,D,NONE,,13630,
49850070,Y8065505,8247979,TERB,D,NONE,,13630,
49850071,Y8065505,8247979,SON,D,NONE,,13630,
49850072,Y8065505,8247979,CBSV,D,NONE,,13630,
49850073,Y8065505,8247979,INTCRM,D,NONE,,13630,
49850074,Y8065505,8247979,SSVS,D,NONE,,13630,
49850075,Y8065505,8247979,ADJ,D,NONE,,13630,
49850076,Y8065505,8247979,FACIS,D,NONE,,13630,
49850077,Y8065505,8247979,MOV,C,NONE,,13630,
49850078,Y8065505,8247979,PEFCDL,D,NONE,,13630,
49881916,Y8066131,8248606,9PK,C,NONE,,12070,
49881917,Y8066131,8248606,SON,D,NONE,,12070,
49881918,Y8066131,8248606,ADJ,D,NONE,,12070,
49881919,Y8066131,8248606,EDU,C,NONE,,12070,
49881920,Y8066131,8248606,TERB,D,NONE,,12070,
49881921,Y8066131,8248606,NCRIM,D,NONE,,12070,
49881922,Y8066131,8248606,MOV,C,NONE,,12070,
49887794,Y7827160,8006423,EMP,P,NONE,,5694,
49929434,Y8075541,8257895,9PK,C,NONE,,12201,
49929435,Y8075541,8257895,MVR,C,,,12201,
49929436,Y8075541,8257895,EDU,P,NONE,,12201,
49929437,Y8075541,8257895,ADJ,P,NONE,,12201,
49929438,Y8075541,8257895,CRTU,P,NONE,,12201,
49929439,Y8075541,8257895,MOV,C,NONE,,12201,
49929440,Y8075541,8257895,NCRIM,P,NONE,,12201,
49929441,Y8075541,8257895,STDB,P,NONE,FL,12201,
49929442,Y8075541,8257895,SON,P,NONE,,12201,
49929443,Y8075541,8257895,SBJE,P,NONE,,12201,
49939909,Y8077521,8259875,9PK,P5,NONE,,15210,
49939910,Y8077521,8259875,ADJ,P5,NONE,,15210,
49939911,Y8077521,8259875,EDU,P5,NONE,,15210,Developed Information
49939912,Y8077521,8259875,EDU,D,NONE,,15210,
49939913,Y8077521,8259875,EMP,D,NONE,,15210,
49939914,Y8077521,8259875,EMP,D,NONE,,15210,
49939915,Y8077521,8259875,TERB,D,NONE,,15210,
49939916,Y8077521,8259875,NCRIM,D,NONE,,15210,
49939917,Y8077521,8259875,MOV,C,NONE,,15210,
49939918,Y8077521,8259875,PLV,D,United States,,15210,
49949316,Y8079152,8261506,9PK,C,NONE,,15029,
49949317,Y8079152,8261506,MVR,D,NONE,,15029,
49949318,Y8079152,8261506,ADJ,D,NONE,,15029,
50143049,Y8114492,8296760,9PK,C,NONE,,21347,
50143050,Y8114492,8296760,F/M,R,NONE,CT,21347,
50143051,Y8114492,8296760,SBJE,C,NONE,,21347,
50143052,Y8114492,8296760,TERB,R,NONE,NY,21347,
50143053,Y8114492,8296760,SBJE_CRA,P,NONE,,21347,
50143054,Y8114492,8296760,SBJ_CRA,P,NONE,,21347,
50143391,Y8114540,8296808,9PK,C,NONE,,21350,
50143392,Y8114540,8296808,F/M,R,NONE,NY,21350,
50143393,Y8114540,8296808,ADJ,R,NONE,,21350,
50143394,Y8114540,8296808,SBJE,C,NONE,,21350,
50143395,Y8114540,8296808,WATCH,R,NONE,CT,21350,
50143396,Y8114540,8296808,SBJ_CRA,P,NONE,,21350,
50143397,Y8114540,8296808,SBJE_CRA,P,NONE,,21350,
50147343,Y8115302,8297559,9PK,P5,NONE,,21465,
50147344,Y8115302,8297559,CRIMINAL,D,NONE,,21465,
50147345,Y8115302,8297559,ADJ,D,NONE,,21465,
50147346,Y8115302,8297559,EDU,P,NONE,,21465,
50147347,Y8115302,8297559,EMP,D,NONE,,21465,
50147348,Y8115302,8297559,MOV,C,NONE,,21465,International Candidate
50153146,Y8116607,8298845,9PK,C,NONE,,14841,
50153147,Y8116607,8298845,ADJ,D,NONE,,14841,
50153149,Y8116607,8298845,INTCRM,D,Czech Republic,I,14841,
50153150,Y8116607,8298845,TERB,D,NONE,,14841,
50203777,Y8131776,8313228,9PK,C,NONE,,22083,
50203778,Y8131776,8313228,ADJ,P,NONE,,22083,
50203779,Y8131776,8313228,EDU,P,NONE,,22083,
50203781,Y8131776,8313228,EMP,P6,NONE,,22083,
50203782,Y8131776,8313228,NCRIM,P,NONE,,22083,
50203783,Y8131776,8313228,MOV,C,NONE,,22083,International Candidate
50203784,Y8131776,8313228,TERB,P,NONE,,22083,
50203785,Y8131776,8313228,D10,C,NONE,,22083,No Result Received
50203892,Y8131776,8313228,MVR,C,,,22083,
50203893,Y8131776,8313228,REF1,P,NONE,,22083,
50203894,Y8131776,8313228,SBJE,P,NONE,,22083,
50204013,Y8131776,8313228,F/M,P,ORANGE,CA,22083,
50315417,Y8131776,8313228,DLW,R,NONE,,22083,No Result Received
50367685,Y8161863,8343282,9PK,P5,NONE,,22081,
50367686,Y8161863,8343282,INTCRM,D,Mexico,I,22081,
50367687,Y8161863,8343282,ADJ,D,NONE,,22081,
50367688,Y8161863,8343282,TERB,D,NONE,na,22081,
50482799,Y8310522,8385420,9PK,C,NONE,,23119,
50482800,Y8310522,8385420,MVR,P5,NONE,CA,23119,
50482801,Y8310522,8385420,SON,N,NONE,,23119,
50482802,Y8310522,8385420,SBJE,P,NONE,,23119,
50482803,Y8310522,8385420,SSNTR,R,NONE,,23119,No Name Match
50482804,Y8310522,8385420,NCRIM,R,NONE,,23119,
50482805,Y8310522,8385420,F/M,R,PEORIA,IL,23119,
50482980,Y8310522,8385420,F/M,P,RICHMOND,VA,23119,
50482981,Y8310522,8385420,F,C,ATLANTIC,NJ,23119,Stopped - Info Not Received
50550496,Y8322514,8397412,9PK,C,NONE,,23119,
50550497,Y8322514,8397412,MVR,P5,NONE,NY,23119,
50550498,Y8322514,8397412,SON,F,NONE,,23119,
50550499,Y8322514,8397412,SBJE,P,NONE,,23119,
50550500,Y8322514,8397412,MOV,C,NONE,,23119,
50550501,Y8322514,8397412,NCRIM,P,NONE,,23119,
50550502,Y8322514,8397412,F/M,R,ORANGE,CA,23119,
50550530,Y8322519,8397417,9PK,C,NONE,,23119,
50550531,Y8322519,8397417,MVR,P5,NONE,NY,23119,
50550532,Y8322519,8397417,SON,F,NONE,,23119,
50550533,Y8322519,8397417,SBJE,P,NONE,,23119,
50550534,Y8322519,8397417,SSNTR,R,NONE,,23119,No Name Match
50550535,Y8322519,8397417,NCRIM,R,NONE,,23119,
50550536,Y8322519,8397417,F/M,R,ORANGE,CA,23119,
50550537,Y8322519,8397417,F/M,R,AUTAUGA,AL,23119,
50578493,Y8322519,8397417,F/M,N,BARTHOLOMEW,IN,23119,
50578494,Y8322519,8397417,F/M,P,CRAWFORD,IN,23119,
55959655,Y9103205,9177756,9PK,R,NONE,,28217,
55959656,Y9103205,9177756,F/M,D,NONE,CT,28217,
55959657,Y9103205,9177756,ADJ,D,NONE,,28217,
55959658,Y9103205,9177756,SBJ_PA,P,NONE,,28217,
